{
  "csm": [1, 0.5, 0.25, 0.100000001490116, 0.00999999977648258],
  "lineAppeareance": 0
}
