{"posX":-60.0,"posY":-60.0,"sizeX":0.0,"sizeY":0.0}
{"posX":199.98828125,"posY":122.994140625,"sizeX":400.0,"sizeY":246.0}
{"posX":599.994140625,"posY":122.994140625,"sizeX":400.0,"sizeY":246.0}
{"posX":-215.2998046875,"posY":149.5,"sizeX":429.6000061035156,"sizeY":297.0}
{"posX":-608.10009765625,"posY":104.60009765625,"sizeX":329.29998779296877,"sizeY":207.1999969482422}
{"posX":-193.5,"posY":453.79998779296877,"sizeX":375.8999938964844,"sizeY":311.5}
{"posX":200.0,"posY":-64.0,"sizeX":0.0,"sizeY":0.0}
{"posX":0.0,"posY":0.0,"sizeX":0.0,"sizeY":0.0}
{"posX":0.0,"posY":-64.0,"sizeX":0.0,"sizeY":0.0}
{"posX":64.0,"posY":-64.0,"sizeX":0.0,"sizeY":0.0}
